category_truth,text
Scheduling & Caseload,"Hey, wanted to flag something. the system auto-assigned me a new client outside my specialty area — can this be reassigned to someone better suited? Happy to hop on a call if that's easier."
Platform / Technical,"Hi, quick one for you — I can't get my session notes to save — I've tried three times and the page just spins and then times out. Happy to hop on a call if that's easier."
Scheduling & Caseload,"Hi, could someone take a look at this? I'm currently carrying more clients than my contract specifies and I need help redistributing a few before I hit burnout."
Scheduling & Caseload,"Hi, quick one for you — I need coverage for [CLIENT ID]'s sessions next week since I'll be out on planned leave starting Monday. Thanks in advance for looking into this."
Scheduling & Caseload,"Hello, I need some help with a situation. I'm currently carrying more clients than my contract specifies and I need help redistributing a few before I hit burnout. Appreciate any help you can give here."
Client Safety / Escalation,"Hello, I need some help with a situation. a client I'm seeing, [CLIENT ID], made a statement in today's session that sounded like passive suicidal ideation. I've documented it but need a clinical supervisor to review before our next session. This is fairly time-sensitive, so any help is appreciated."
Client Safety / Escalation,"Hey, wanted to flag something. a client mentioned they have access to a firearm and made a comment that concerned me enough that I want a second clinical opinion before our next scheduled session."
HR / Interpersonal,"Hi, quick one for you — I want to understand the process for filing a formal concern about how a teammate handled a shared client situation. Let me know if you need anything else from me."
Compensation & Payroll,"Hello, I need some help with a situation. my supervision-hours stipend wasn't included in this month's payout even though I logged the hours in the system. This is fairly time-sensitive, so any help is appreciated."
Scheduling & Caseload,"Hi, could someone take a look at this? there's a time zone mismatch on the calendar for one of my remote clients and they missed our session because of it."
General / Other,"Hi, could someone take a look at this? not urgent, but I wanted to ask a general question about how holiday coverage works across the team. Thanks in advance for looking into this."
Scheduling & Caseload,"Hi, quick one for you — my calendar synced incorrectly and I ended up double-booked for two client sessions at the same time this afternoon. Thanks in advance for looking into this."
Platform / Technical,"Hey, I ran into an issue and wanted to raise it. the platform logged me out mid-session and I had to scramble to get back in while my client waited. Let me know if you need anything else from me."
Training & Resources,"Hi, quick one for you — I'd like to request a training session on the new tribe-matching framework since it's changed since I onboarded. Let me know if you need anything else from me."
Scheduling & Caseload,"Hi, sorry to bug you, but I need guidance on this. my [PROGRAM] circle call got scheduled during a national holiday and half the group can't make it. Can we get it moved? Please let me know next steps."
Compensation & Payroll,"Hey, I ran into an issue and wanted to raise it. my direct deposit didn't go through this cycle and I haven't gotten any notice about why. Can someone check what happened?"
Credentialing & Compliance,"Hi, could someone take a look at this? I need to submit my updated license renewal documentation but I'm not sure which portal section that goes in. Please let me know next steps."
Credentialing & Compliance,"Hi, sorry to bug you, but I need guidance on this. my supervision hours aren't tallying correctly in the system — it's showing fewer hours than what I've actually logged."
HR / Interpersonal,"Hi there, reaching out about the following. I disagree with the feedback I received in my last review and would like to discuss it with someone in HR. Appreciate any help you can give here."
Training & Resources,"Hey, wanted to flag something. the escalation procedure doc referenced in training is out of date and doesn't match what's actually in the portal anymore."
HR / Interpersonal,"Hi there, reaching out about the following. I want to understand the process for filing a formal concern about how a teammate handled a shared client situation. This is fairly time-sensitive, so any help is appreciated."
Credentialing & Compliance,"Hey, wanted to flag something. my malpractice insurance documentation on file looks outdated — can someone confirm if it needs to be refreshed?"
Platform / Technical,"Hello, I need some help with a situation. screen sharing isn't working during my [PROGRAM] circle calls — none of the members can see what I'm presenting. Appreciate any help you can give here."
Training & Resources,"Hi there, reaching out about the following. I'm unclear on how to handle group facilitation versus individual coaching sessions — is there a guide for this?"
Platform / Technical,"Hey, I ran into an issue and wanted to raise it. the audio kept cutting out during today's session and I couldn't tell if it was on my end or the platform's."
HR / Interpersonal,"Hi there, reaching out about the following. there's been some friction in my team's group chat that I think needs a manager to step in on. Please let me know next steps."
Compensation & Payroll,"Hi there, reaching out about the following. my 1099 for last year has the wrong total on it — it doesn't match the sessions I logged. Who do I talk to about a correction? Happy to hop on a call if that's easier."
Platform / Technical,"Hey, wanted to flag something. screen sharing isn't working during my [PROGRAM] circle calls — none of the members can see what I'm presenting. Thanks in advance for looking into this."
Scheduling & Caseload,"Hello, I need some help with a situation. I need to swap two client slots this week due to a personal scheduling conflict, but the portal doesn't have a self-serve option for that. Appreciate any help you can give here."
General / Other,"Hi, could someone take a look at this? not urgent, but I wanted to ask a general question about how holiday coverage works across the team. Please let me know next steps."
HR / Interpersonal,"Hi, could someone take a look at this? I want to raise a concern about a colleague's conduct during our last team meeting — it felt unprofessional. This is fairly time-sensitive, so any help is appreciated."
Training & Resources,"Hi, quick one for you — I never received the welcome packet that's supposed to include the crisis-response quick reference sheet. Let me know if you need anything else from me."
Platform / Technical,"Hello, I need some help with a situation. I can't upload my updated intake form template — the file keeps failing to attach in the resources section."
HR / Interpersonal,"Hi there, reaching out about the following. communication has broken down between me and my team lead and I'd like a mediated conversation. Happy to hop on a call if that's easier."
Compensation & Payroll,"Hi, quick one for you — my direct deposit didn't go through this cycle and I haven't gotten any notice about why. Can someone check what happened?"
Scheduling & Caseload,"Hello, I need some help with a situation. my [PROGRAM] circle call got scheduled during a national holiday and half the group can't make it. Can we get it moved? Please let me know next steps."
Training & Resources,"Hi, could someone take a look at this? I never received the welcome packet that's supposed to include the crisis-response quick reference sheet. This is fairly time-sensitive, so any help is appreciated."
Client Safety / Escalation,"Hi, quick one for you — during my session with [CLIENT ID] they disclosed an incident of ongoing domestic violence at home. I want to make sure we're following the right mandatory reporting protocol. Please let me know next steps."
Scheduling & Caseload,"Hi, could someone take a look at this? the system auto-assigned me a new client outside my specialty area — can this be reassigned to someone better suited?"
Scheduling & Caseload,"Hi, quick one for you — there's a time zone mismatch on the calendar for one of my remote clients and they missed our session because of it. This is fairly time-sensitive, so any help is appreciated."
HR / Interpersonal,"Hi, sorry to bug you, but I need guidance on this. I want to understand the process for filing a formal concern about how a teammate handled a shared client situation. This is fairly time-sensitive, so any help is appreciated."
Client Safety / Escalation,"Hi there, reaching out about the following. during my session with [CLIENT ID] they disclosed an incident of ongoing domestic violence at home. I want to make sure we're following the right mandatory reporting protocol. Happy to hop on a call if that's easier."
Compensation & Payroll,"Hey, wanted to flag something. I submitted a reimbursement request for materials I bought for a group workshop three weeks ago and it still hasn't been processed. Appreciate any help you can give here."
Training & Resources,"Hey, wanted to flag something. the resource library doesn't have a template for the mid-program check-in I'm supposed to run with clients."
HR / Interpersonal,"Hi, quick one for you — I disagree with the feedback I received in my last review and would like to discuss it with someone in HR. Happy to hop on a call if that's easier."
Scheduling & Caseload,"Hi, sorry to bug you, but I need guidance on this. I have a client who's a repeated no-show and I want to understand our policy on when to pause or close out their case. Appreciate any help you can give here."
Credentialing & Compliance,"Hi, quick one for you — I have an ethics question about seeing two clients who know each other personally — want guidance before proceeding. Thanks in advance for looking into this."
General / Other,"Hi, sorry to bug you, but I need guidance on this. I have a question that doesn't seem to fit any specific category, about how referrals get counted toward caseload targets. This is fairly time-sensitive, so any help is appreciated."
Client Safety / Escalation,"Hi, sorry to bug you, but I need guidance on this. one of my clients has stopped responding for over a week after a session where they mentioned feeling hopeless. I'm concerned and want someone from the clinical safety team to weigh in on next steps. Appreciate any help you can give here."
Client Safety / Escalation,"Hello, I need some help with a situation. during my session with [CLIENT ID] they disclosed an incident of ongoing domestic violence at home. I want to make sure we're following the right mandatory reporting protocol."
Platform / Technical,"Hi, sorry to bug you, but I need guidance on this. the video call tool crashed twice during my session with [CLIENT ID] today and we lost about 15 minutes trying to reconnect. This is fairly time-sensitive, so any help is appreciated."
Compensation & Payroll,"Hi, quick one for you — I think my per-session rate updated incorrectly after my last review — it's showing the old rate on this pay period's statement. This is fairly time-sensitive, so any help is appreciated."
Training & Resources,"Hey, I ran into an issue and wanted to raise it. the resource library doesn't have a template for the mid-program check-in I'm supposed to run with clients. This is fairly time-sensitive, so any help is appreciated."
Scheduling & Caseload,"Hi there, reaching out about the following. I have back-to-back sessions with zero buffer for the rest of this week and it's affecting my ability to write notes properly. Let me know if you need anything else from me."
Platform / Technical,"Hey, I ran into an issue and wanted to raise it. the mobile app keeps crashing whenever I try to open a client's file from my phone."
General / Other,"Hey, I ran into an issue and wanted to raise it. I have an administrative question about how my practitioner profile bio gets updated on the client-facing site."
Scheduling & Caseload,"Hey, I ran into an issue and wanted to raise it. I'd like to formally request a reduction in weekly session load — I'm at capacity and it's starting to affect quality of care."
Compensation & Payroll,"Hi there, reaching out about the following. the platform shows I completed 24 sessions this pay period but I was only paid for 19. Can someone reconcile this? Thanks in advance for looking into this."
Scheduling & Caseload,"Hi, quick one for you — I have back-to-back sessions with zero buffer for the rest of this week and it's affecting my ability to write notes properly. Please let me know next steps."
HR / Interpersonal,"Hey, wanted to flag something. there's ongoing tension between me and another practitioner who's assigned to overlapping clients in the same circle. This is fairly time-sensitive, so any help is appreciated."
HR / Interpersonal,"Hello, I need some help with a situation. there's been some friction in my team's group chat that I think needs a manager to step in on. Please let me know next steps."
Compensation & Payroll,"Hi team, hoping someone can help. I was told I'd get the caseload bonus this quarter but it's not reflected in my latest pay statement. Please let me know next steps."
HR / Interpersonal,"Hey, wanted to flag something. I'd like to report a comment made by a colleague that made me uncomfortable during a shared client handoff call. Appreciate any help you can give here."
Platform / Technical,"Hey, I ran into an issue and wanted to raise it. the video call tool crashed twice during my session with [CLIENT ID] today and we lost about 15 minutes trying to reconnect. Appreciate any help you can give here."
Client Safety / Escalation,"Hey, I ran into an issue and wanted to raise it. a client I'm seeing, [CLIENT ID], made a statement in today's session that sounded like passive suicidal ideation. I've documented it but need a clinical supervisor to review before our next session. Please let me know next steps."
Scheduling & Caseload,"Hi, sorry to bug you, but I need guidance on this. I'm currently carrying more clients than my contract specifies and I need help redistributing a few before I hit burnout. Thanks in advance for looking into this."
General / Other,"Hey, wanted to flag something. wanted to pass along some positive feedback about the new circle-matching process, for whatever team should see it. Let me know if you need anything else from me."
Compensation & Payroll,"Hi team, hoping someone can help. I submitted a reimbursement request for materials I bought for a group workshop three weeks ago and it still hasn't been processed. This is fairly time-sensitive, so any help is appreciated."
Client Safety / Escalation,"Hey, I ran into an issue and wanted to raise it. I'm worried about a client's safety after their partner showed up unannounced during our video session. I want to flag this before it happens again. This is fairly time-sensitive, so any help is appreciated."
Platform / Technical,"Hi, quick one for you — the video call tool crashed twice during my session with [CLIENT ID] today and we lost about 15 minutes trying to reconnect. Appreciate any help you can give here."
Platform / Technical,"Hi, quick one for you — I logged in this morning and the dashboard is showing someone else's client list instead of mine. Let me know if you need anything else from me."
Credentialing & Compliance,"Hey, I ran into an issue and wanted to raise it. my supervision hours aren't tallying correctly in the system — it's showing fewer hours than what I've actually logged. This is fairly time-sensitive, so any help is appreciated."
HR / Interpersonal,"Hi, could someone take a look at this? I disagree with the feedback I received in my last review and would like to discuss it with someone in HR. Please let me know next steps."
Platform / Technical,"Hey, I ran into an issue and wanted to raise it. the audio kept cutting out during today's session and I couldn't tell if it was on my end or the platform's. Appreciate any help you can give here."
HR / Interpersonal,"Hi there, reaching out about the following. I felt excluded from a decision that affected my caseload and want to understand how those calls get made. Happy to hop on a call if that's easier."
Platform / Technical,"Hi, quick one for you — the audio kept cutting out during today's session and I couldn't tell if it was on my end or the platform's."
Compensation & Payroll,"Hi team, hoping someone can help. my supervision-hours stipend wasn't included in this month's payout even though I logged the hours in the system. This is fairly time-sensitive, so any help is appreciated."
Compensation & Payroll,"Hi there, reaching out about the following. my supervision-hours stipend wasn't included in this month's payout even though I logged the hours in the system. Appreciate any help you can give here."
Scheduling & Caseload,"Hi, quick one for you — I have back-to-back sessions with zero buffer for the rest of this week and it's affecting my ability to write notes properly."
Compensation & Payroll,"Hi, quick one for you — my 1099 for last year has the wrong total on it — it doesn't match the sessions I logged. Who do I talk to about a correction?"
General / Other,"Hi, sorry to bug you, but I need guidance on this. I have an administrative question about how my practitioner profile bio gets updated on the client-facing site. Let me know if you need anything else from me."
Credentialing & Compliance,"Hi there, reaching out about the following. my background check renewal notice says it's due, but I haven't received instructions on how to complete it. Please let me know next steps."
Scheduling & Caseload,"Hi team, hoping someone can help. my calendar synced incorrectly and I ended up double-booked for two client sessions at the same time this afternoon. Please let me know next steps."
Compensation & Payroll,"Hi, sorry to bug you, but I need guidance on this. I haven't received any payment confirmation for [PROGRAM] this month and I'm not sure if it's a processing delay or something else. Please let me know next steps."
Platform / Technical,"Hi, could someone take a look at this? screen sharing isn't working during my [PROGRAM] circle calls — none of the members can see what I'm presenting. Appreciate any help you can give here."
Compensation & Payroll,"Hi, sorry to bug you, but I need guidance on this. my 1099 for last year has the wrong total on it — it doesn't match the sessions I logged. Who do I talk to about a correction? Let me know if you need anything else from me."
Platform / Technical,"Hi there, reaching out about the following. screen sharing isn't working during my [PROGRAM] circle calls — none of the members can see what I'm presenting."
Training & Resources,"Hi, quick one for you — I'm unclear on how to handle group facilitation versus individual coaching sessions — is there a guide for this? Thanks in advance for looking into this."
Client Safety / Escalation,"Hey, wanted to flag something. a client I'm seeing, [CLIENT ID], made a statement in today's session that sounded like passive suicidal ideation. I've documented it but need a clinical supervisor to review before our next session. Appreciate any help you can give here."
Scheduling & Caseload,"Hi, sorry to bug you, but I need guidance on this. a client tried to reschedule through the portal but it wouldn't let them pick a new time — can someone look into why? Appreciate any help you can give here."
General / Other,"Hey, wanted to flag something. I wasn't sure which queue this belongs to, but I wanted to share some feedback on the new client intake flow."
HR / Interpersonal,"Hi there, reaching out about the following. I feel like scheduling preferences have been handled unevenly across the team and wanted to flag it. Appreciate any help you can give here."
Training & Resources,"Hi, quick one for you — is there a refresher training available on the new confidentiality policy that went out last month? Appreciate any help you can give here."
Compensation & Payroll,"Hi, could someone take a look at this? I switched from part-time to full-time status last month, but my pay still looks like it's calculated at the old rate. Please let me know next steps."
Scheduling & Caseload,"Hey, I ran into an issue and wanted to raise it. the system auto-assigned me a new client outside my specialty area — can this be reassigned to someone better suited? Please let me know next steps."
Training & Resources,"Hey, I ran into an issue and wanted to raise it. I'm unclear on how to handle group facilitation versus individual coaching sessions — is there a guide for this?"
Scheduling & Caseload,"Hello, I need some help with a situation. my caseload dashboard is showing a client twice under two different circle groups and it's throwing off my weekly hours count. Appreciate any help you can give here."
General / Other,"Hey, wanted to flag something. just checking in with a general question about company-wide policy on client gift acceptance. Thanks in advance for looking into this."
Training & Resources,"Hi, sorry to bug you, but I need guidance on this. I'm unclear on how to handle group facilitation versus individual coaching sessions — is there a guide for this? Please let me know next steps."
Scheduling & Caseload,"Hey, I ran into an issue and wanted to raise it. I need to swap two client slots this week due to a personal scheduling conflict, but the portal doesn't have a self-serve option for that."
HR / Interpersonal,"Hi, quick one for you — I'd like to report a comment made by a colleague that made me uncomfortable during a shared client handoff call."
HR / Interpersonal,"Hey, I ran into an issue and wanted to raise it. I feel like scheduling preferences have been handled unevenly across the team and wanted to flag it. Let me know if you need anything else from me."
Credentialing & Compliance,"Hi, quick one for you — can someone confirm the required cadence for clinical supervision check-ins under my current credential level?"
Platform / Technical,"Hi team, hoping someone can help. two-factor authentication isn't sending me a code, so I've been locked out of my dashboard since this morning. This is fairly time-sensitive, so any help is appreciated."
General / Other,"Hello, I need some help with a situation. not urgent, but I wanted to ask a general question about how holiday coverage works across the team. Happy to hop on a call if that's easier."
Credentialing & Compliance,"Hi, quick one for you — I need to submit my updated license renewal documentation but I'm not sure which portal section that goes in."
Training & Resources,"Hi there, reaching out about the following. the onboarding materials I was given are missing the section on circle-facilitation protocols — can I get the updated version? This is fairly time-sensitive, so any help is appreciated."
Platform / Technical,"Hey, I ran into an issue and wanted to raise it. screen sharing isn't working during my [PROGRAM] circle calls — none of the members can see what I'm presenting."
Platform / Technical,"Hi there, reaching out about the following. I can't upload my updated intake form template — the file keeps failing to attach in the resources section."
Scheduling & Caseload,"Hi, could someone take a look at this? my caseload dashboard is showing a client twice under two different circle groups and it's throwing off my weekly hours count."
Client Safety / Escalation,"Hey, I ran into an issue and wanted to raise it. a tribe member reported that another circle member has been sending them uncomfortable messages outside of the scheduled calls. This feels like it needs immediate review, not routine follow-up. Happy to hop on a call if that's easier."
Scheduling & Caseload,"Hey, I ran into an issue and wanted to raise it. there's a time zone mismatch on the calendar for one of my remote clients and they missed our session because of it. Appreciate any help you can give here."
General / Other,"Hi, could someone take a look at this? just a general suggestion — it'd be great if the dashboard showed upcoming renewal dates more clearly. Let me know if you need anything else from me."
Compensation & Payroll,"Hi, quick one for you — my direct deposit didn't go through this cycle and I haven't gotten any notice about why. Can someone check what happened? Happy to hop on a call if that's easier."
Credentialing & Compliance,"Hey, wanted to flag something. I have an ethics question about seeing two clients who know each other personally — want guidance before proceeding. Let me know if you need anything else from me."
Platform / Technical,"Hi team, hoping someone can help. I can't get my session notes to save — I've tried three times and the page just spins and then times out. Thanks in advance for looking into this."
Platform / Technical,"Hi, quick one for you — two-factor authentication isn't sending me a code, so I've been locked out of my dashboard since this morning. This is fairly time-sensitive, so any help is appreciated."
Platform / Technical,"Hey, wanted to flag something. the audio kept cutting out during today's session and I couldn't tell if it was on my end or the platform's."
Compensation & Payroll,"Hi, sorry to bug you, but I need guidance on this. I switched from part-time to full-time status last month, but my pay still looks like it's calculated at the old rate."
Credentialing & Compliance,"Hi team, hoping someone can help. I have a client relocating to a state I'm not licensed in — what's our policy for continuing care across state lines? Happy to hop on a call if that's easier."
Credentialing & Compliance,"Hi there, reaching out about the following. my supervision hours aren't tallying correctly in the system — it's showing fewer hours than what I've actually logged. Please let me know next steps."
General / Other,"Hi, quick one for you — I'm not sure who owns this, but I wanted to suggest an addition to the practitioner resource library. Appreciate any help you can give here."
Platform / Technical,"Hello, I need some help with a situation. I'm not receiving session reminder notifications anymore, and I've already missed logging in on time twice this week because of it."
Scheduling & Caseload,"Hi there, reaching out about the following. I'd like to formally request a reduction in weekly session load — I'm at capacity and it's starting to affect quality of care. Happy to hop on a call if that's easier."
Scheduling & Caseload,"Hey, wanted to flag something. I need coverage for [CLIENT ID]'s sessions next week since I'll be out on planned leave starting Monday. Please let me know next steps."
Scheduling & Caseload,"Hi there, reaching out about the following. I'd like to formally request a reduction in weekly session load — I'm at capacity and it's starting to affect quality of care."
Compensation & Payroll,"Hi team, hoping someone can help. I noticed a payroll deduction on my statement I don't recognize — can someone explain what this is for? Please let me know next steps."
Platform / Technical,"Hi, sorry to bug you, but I need guidance on this. I logged in this morning and the dashboard is showing someone else's client list instead of mine. This is fairly time-sensitive, so any help is appreciated."
Scheduling & Caseload,"Hi team, hoping someone can help. my [PROGRAM] circle call got scheduled during a national holiday and half the group can't make it. Can we get it moved? Let me know if you need anything else from me."
Scheduling & Caseload,"Hey, wanted to flag something. I'm currently carrying more clients than my contract specifies and I need help redistributing a few before I hit burnout. Please let me know next steps."
General / Other,"Hi, quick one for you — I have an administrative question about how my practitioner profile bio gets updated on the client-facing site. Let me know if you need anything else from me."
Platform / Technical,"Hey, wanted to flag something. I'm not receiving session reminder notifications anymore, and I've already missed logging in on time twice this week because of it. Appreciate any help you can give here."
Scheduling & Caseload,"Hi team, hoping someone can help. there's a time zone mismatch on the calendar for one of my remote clients and they missed our session because of it. Happy to hop on a call if that's easier."
Compensation & Payroll,"Hi, could someone take a look at this? I switched from part-time to full-time status last month, but my pay still looks like it's calculated at the old rate. This is fairly time-sensitive, so any help is appreciated."
General / Other,"Hi team, hoping someone can help. I wasn't sure which queue this belongs to, but I wanted to share some feedback on the new client intake flow. This is fairly time-sensitive, so any help is appreciated."
Training & Resources,"Hello, I need some help with a situation. I'd like more guidance on best practices for handling conflict between two circle members during a group call. Thanks in advance for looking into this."
Platform / Technical,"Hello, I need some help with a situation. the platform logged me out mid-session and I had to scramble to get back in while my client waited. Let me know if you need anything else from me."
Compensation & Payroll,"Hello, I need some help with a situation. my 1099 for last year has the wrong total on it — it doesn't match the sessions I logged. Who do I talk to about a correction? Appreciate any help you can give here."
Scheduling & Caseload,"Hi team, hoping someone can help. there's a time zone mismatch on the calendar for one of my remote clients and they missed our session because of it. Appreciate any help you can give here."
Compensation & Payroll,"Hi there, reaching out about the following. I noticed a payroll deduction on my statement I don't recognize — can someone explain what this is for? Thanks in advance for looking into this."
Scheduling & Caseload,"Hey, I ran into an issue and wanted to raise it. a client tried to reschedule through the portal but it wouldn't let them pick a new time — can someone look into why? This is fairly time-sensitive, so any help is appreciated."
Platform / Technical,"Hi, quick one for you — the video call tool crashed twice during my session with [CLIENT ID] today and we lost about 15 minutes trying to reconnect. Let me know if you need anything else from me."
Client Safety / Escalation,"Hi team, hoping someone can help. during today's intake, a new client described a level of risk that's above what I'm credentialed to handle solo. I need this escalated to a supervising clinician today. Please let me know next steps."
Platform / Technical,"Hi, sorry to bug you, but I need guidance on this. the mobile app keeps crashing whenever I try to open a client's file from my phone. Appreciate any help you can give here."
Platform / Technical,"Hi, could someone take a look at this? the client-facing app is displaying my old profile photo and outdated availability even though I updated both weeks ago. Please let me know next steps."
HR / Interpersonal,"Hi there, reaching out about the following. I want to understand the process for filing a formal concern about how a teammate handled a shared client situation. Happy to hop on a call if that's easier."
Scheduling & Caseload,"Hi there, reaching out about the following. my calendar synced incorrectly and I ended up double-booked for two client sessions at the same time this afternoon."
Scheduling & Caseload,"Hi, quick one for you — my calendar synced incorrectly and I ended up double-booked for two client sessions at the same time this afternoon. This is fairly time-sensitive, so any help is appreciated."
Credentialing & Compliance,"Hi, could someone take a look at this? I need to submit my updated license renewal documentation but I'm not sure which portal section that goes in. Happy to hop on a call if that's easier."
Compensation & Payroll,"Hi, sorry to bug you, but I need guidance on this. I submitted a reimbursement request for materials I bought for a group workshop three weeks ago and it still hasn't been processed. Let me know if you need anything else from me."
General / Other,"Hey, I ran into an issue and wanted to raise it. just checking in with a general question about company-wide policy on client gift acceptance. Happy to hop on a call if that's easier."
HR / Interpersonal,"Hi, sorry to bug you, but I need guidance on this. communication has broken down between me and my team lead and I'd like a mediated conversation."
Scheduling & Caseload,"Hello, I need some help with a situation. I need coverage for [CLIENT ID]'s sessions next week since I'll be out on planned leave starting Monday. This is fairly time-sensitive, so any help is appreciated."
Scheduling & Caseload,"Hey, wanted to flag something. the system auto-assigned me a new client outside my specialty area — can this be reassigned to someone better suited?"
Compensation & Payroll,"Hi team, hoping someone can help. I noticed my last payment is missing three sessions from the week of [TICKET ID] — the count on my dashboard doesn't match what I actually ran."
Scheduling & Caseload,"Hey, wanted to flag something. my [PROGRAM] circle call got scheduled during a national holiday and half the group can't make it. Can we get it moved? Please let me know next steps."
HR / Interpersonal,"Hi, sorry to bug you, but I need guidance on this. I want to raise a concern about a colleague's conduct during our last team meeting — it felt unprofessional. This is fairly time-sensitive, so any help is appreciated."
Compensation & Payroll,"Hi, sorry to bug you, but I need guidance on this. I submitted a reimbursement request for materials I bought for a group workshop three weeks ago and it still hasn't been processed. Appreciate any help you can give here."
Scheduling & Caseload,"Hey, wanted to flag something. I'd like to formally request a reduction in weekly session load — I'm at capacity and it's starting to affect quality of care. Appreciate any help you can give here."
Scheduling & Caseload,"Hi, quick one for you — I'm currently carrying more clients than my contract specifies and I need help redistributing a few before I hit burnout."
Platform / Technical,"Hey, wanted to flag something. I can't upload my updated intake form template — the file keeps failing to attach in the resources section."
Scheduling & Caseload,"Hey, I ran into an issue and wanted to raise it. a client tried to reschedule through the portal but it wouldn't let them pick a new time — can someone look into why?"
Platform / Technical,"Hi team, hoping someone can help. I'm getting a persistent error message when I try to close out a completed session in the system."
HR / Interpersonal,"Hey, I ran into an issue and wanted to raise it. there's been some friction in my team's group chat that I think needs a manager to step in on. Happy to hop on a call if that's easier."
Scheduling & Caseload,"Hi team, hoping someone can help. I need coverage for [CLIENT ID]'s sessions next week since I'll be out on planned leave starting Monday."
Compensation & Payroll,"Hey, I ran into an issue and wanted to raise it. I haven't received any payment confirmation for [PROGRAM] this month and I'm not sure if it's a processing delay or something else. Thanks in advance for looking into this."
Compensation & Payroll,"Hi team, hoping someone can help. I noticed my last payment is missing three sessions from the week of [TICKET ID] — the count on my dashboard doesn't match what I actually ran. Please let me know next steps."
Client Safety / Escalation,"Hello, I need some help with a situation. during today's intake, a new client described a level of risk that's above what I'm credentialed to handle solo. I need this escalated to a supervising clinician today. Let me know if you need anything else from me."
Scheduling & Caseload,"Hi, could someone take a look at this? my calendar synced incorrectly and I ended up double-booked for two client sessions at the same time this afternoon. Let me know if you need anything else from me."
Compensation & Payroll,"Hey, wanted to flag something. I noticed my last payment is missing three sessions from the week of [TICKET ID] — the count on my dashboard doesn't match what I actually ran."
Compensation & Payroll,"Hi team, hoping someone can help. the platform shows I completed 24 sessions this pay period but I was only paid for 19. Can someone reconcile this? Appreciate any help you can give here."
Training & Resources,"Hi, sorry to bug you, but I need guidance on this. I'm unclear on how to handle group facilitation versus individual coaching sessions — is there a guide for this?"
Platform / Technical,"Hello, I need some help with a situation. the client-facing app is displaying my old profile photo and outdated availability even though I updated both weeks ago. This is fairly time-sensitive, so any help is appreciated."
Scheduling & Caseload,"Hi there, reaching out about the following. a client tried to reschedule through the portal but it wouldn't let them pick a new time — can someone look into why? Thanks in advance for looking into this."
Credentialing & Compliance,"Hello, I need some help with a situation. I'm not seeing my updated certification reflected in my practitioner profile even though I submitted it last month. Happy to hop on a call if that's easier."
Training & Resources,"Hi team, hoping someone can help. I'd like more guidance on best practices for handling conflict between two circle members during a group call. Thanks in advance for looking into this."
Training & Resources,"Hi, sorry to bug you, but I need guidance on this. the escalation procedure doc referenced in training is out of date and doesn't match what's actually in the portal anymore. Please let me know next steps."
Platform / Technical,"Hey, wanted to flag something. the client-facing app is displaying my old profile photo and outdated availability even though I updated both weeks ago. Let me know if you need anything else from me."
Platform / Technical,"Hi there, reaching out about the following. the platform logged me out mid-session and I had to scramble to get back in while my client waited. This is fairly time-sensitive, so any help is appreciated."
Scheduling & Caseload,"Hey, I ran into an issue and wanted to raise it. I need coverage for [CLIENT ID]'s sessions next week since I'll be out on planned leave starting Monday. Let me know if you need anything else from me."
Compensation & Payroll,"Hey, I ran into an issue and wanted to raise it. my 1099 for last year has the wrong total on it — it doesn't match the sessions I logged. Who do I talk to about a correction? Thanks in advance for looking into this."
Compensation & Payroll,"Hi team, hoping someone can help. I switched from part-time to full-time status last month, but my pay still looks like it's calculated at the old rate."
Training & Resources,"Hello, I need some help with a situation. the resource library doesn't have a template for the mid-program check-in I'm supposed to run with clients. Please let me know next steps."
HR / Interpersonal,"Hey, I ran into an issue and wanted to raise it. I want to understand the process for filing a formal concern about how a teammate handled a shared client situation. Thanks in advance for looking into this."
HR / Interpersonal,"Hi, quick one for you — I feel like scheduling preferences have been handled unevenly across the team and wanted to flag it. Appreciate any help you can give here."
Platform / Technical,"Hi team, hoping someone can help. screen sharing isn't working during my [PROGRAM] circle calls — none of the members can see what I'm presenting. Please let me know next steps."
Compensation & Payroll,"Hey, wanted to flag something. I think my per-session rate updated incorrectly after my last review — it's showing the old rate on this pay period's statement. This is fairly time-sensitive, so any help is appreciated."
HR / Interpersonal,"Hello, I need some help with a situation. I'd like to report a comment made by a colleague that made me uncomfortable during a shared client handoff call. Let me know if you need anything else from me."
Client Safety / Escalation,"Hey, I ran into an issue and wanted to raise it. [CLIENT ID] asked to connect with me outside of the platform and made a comment that felt like a boundary-crossing overture. I did not agree, but I want this on record and want guidance on how to respond. Happy to hop on a call if that's easier."
Training & Resources,"Hey, I ran into an issue and wanted to raise it. the onboarding materials I was given are missing the section on circle-facilitation protocols — can I get the updated version?"
Credentialing & Compliance,"Hello, I need some help with a situation. my malpractice insurance documentation on file looks outdated — can someone confirm if it needs to be refreshed?"
Compensation & Payroll,"Hi, sorry to bug you, but I need guidance on this. my direct deposit didn't go through this cycle and I haven't gotten any notice about why. Can someone check what happened? Appreciate any help you can give here."
Compensation & Payroll,"Hello, I need some help with a situation. I noticed a payroll deduction on my statement I don't recognize — can someone explain what this is for? Thanks in advance for looking into this."
Compensation & Payroll,"Hi there, reaching out about the following. I switched from part-time to full-time status last month, but my pay still looks like it's calculated at the old rate. Let me know if you need anything else from me."
Training & Resources,"Hey, wanted to flag something. the resource library doesn't have a template for the mid-program check-in I'm supposed to run with clients. Let me know if you need anything else from me."
Training & Resources,"Hi team, hoping someone can help. I'd like to request a training session on the new tribe-matching framework since it's changed since I onboarded. Thanks in advance for looking into this."
Platform / Technical,"Hi there, reaching out about the following. two-factor authentication isn't sending me a code, so I've been locked out of my dashboard since this morning. This is fairly time-sensitive, so any help is appreciated."
Scheduling & Caseload,"Hi, quick one for you — my calendar synced incorrectly and I ended up double-booked for two client sessions at the same time this afternoon. Happy to hop on a call if that's easier."
Training & Resources,"Hi, could someone take a look at this? can someone point me to updated materials on running the reciprocal-referral obligation with a new circle? Happy to hop on a call if that's easier."
Platform / Technical,"Hi team, hoping someone can help. screen sharing isn't working during my [PROGRAM] circle calls — none of the members can see what I'm presenting. Happy to hop on a call if that's easier."
Scheduling & Caseload,"Hi team, hoping someone can help. I need to swap two client slots this week due to a personal scheduling conflict, but the portal doesn't have a self-serve option for that. Let me know if you need anything else from me."
Training & Resources,"Hello, I need some help with a situation. the intake script we're supposed to use hasn't been updated to reflect the new question set — can this get fixed? Thanks in advance for looking into this."
HR / Interpersonal,"Hello, I need some help with a situation. I feel like scheduling preferences have been handled unevenly across the team and wanted to flag it."
Compensation & Payroll,"Hi there, reaching out about the following. I submitted a reimbursement request for materials I bought for a group workshop three weeks ago and it still hasn't been processed."
Compensation & Payroll,"Hello, I need some help with a situation. my direct deposit didn't go through this cycle and I haven't gotten any notice about why. Can someone check what happened? Thanks in advance for looking into this."
Client Safety / Escalation,"Hi, could someone take a look at this? I'm worried about a client's safety after their partner showed up unannounced during our video session. I want to flag this before it happens again. Appreciate any help you can give here."
Scheduling & Caseload,"Hi, quick one for you — a client tried to reschedule through the portal but it wouldn't let them pick a new time — can someone look into why? Appreciate any help you can give here."
HR / Interpersonal,"Hi, quick one for you — I want to raise a concern about a colleague's conduct during our last team meeting — it felt unprofessional. Let me know if you need anything else from me."
Client Safety / Escalation,"Hi, sorry to bug you, but I need guidance on this. a member of my [PROGRAM] circle, [CLIENT ID], said something during the group call that made another member visibly uncomfortable — bordering on a boundary violation. I paused the call and want to escalate before the next session."
Credentialing & Compliance,"Hi team, hoping someone can help. I have an ethics question about seeing two clients who know each other personally — want guidance before proceeding. This is fairly time-sensitive, so any help is appreciated."
Scheduling & Caseload,"Hi team, hoping someone can help. I need coverage for [CLIENT ID]'s sessions next week since I'll be out on planned leave starting Monday. Appreciate any help you can give here."
General / Other,"Hi, could someone take a look at this? just checking in with a general question about company-wide policy on client gift acceptance. Please let me know next steps."
Platform / Technical,"Hello, I need some help with a situation. I'm getting a persistent error message when I try to close out a completed session in the system."
Client Safety / Escalation,"Hi team, hoping someone can help. during my session with [CLIENT ID] they disclosed an incident of ongoing domestic violence at home. I want to make sure we're following the right mandatory reporting protocol. Please let me know next steps."
Client Safety / Escalation,"Hey, I ran into an issue and wanted to raise it. I'm worried about a client's safety after their partner showed up unannounced during our video session. I want to flag this before it happens again. Happy to hop on a call if that's easier."
Client Safety / Escalation,"Hi, could someone take a look at this? I have a client disclosing what sounds like active substance relapse combined with talk of self-harm. I need an urgent clinical consult before I go back into session with them."
Platform / Technical,"Hello, I need some help with a situation. two-factor authentication isn't sending me a code, so I've been locked out of my dashboard since this morning. Let me know if you need anything else from me."
Compensation & Payroll,"Hi, quick one for you — my 1099 for last year has the wrong total on it — it doesn't match the sessions I logged. Who do I talk to about a correction? Appreciate any help you can give here."
Training & Resources,"Hi team, hoping someone can help. is there a refresher training available on the new confidentiality policy that went out last month?"
Scheduling & Caseload,"Hi, could someone take a look at this? my [PROGRAM] circle call got scheduled during a national holiday and half the group can't make it. Can we get it moved? Happy to hop on a call if that's easier."
HR / Interpersonal,"Hi there, reaching out about the following. I disagree with the feedback I received in my last review and would like to discuss it with someone in HR. This is fairly time-sensitive, so any help is appreciated."
Compensation & Payroll,"Hi, could someone take a look at this? I was told I'd get the caseload bonus this quarter but it's not reflected in my latest pay statement. Happy to hop on a call if that's easier."
Scheduling & Caseload,"Hey, wanted to flag something. I need to swap two client slots this week due to a personal scheduling conflict, but the portal doesn't have a self-serve option for that. Appreciate any help you can give here."
Scheduling & Caseload,"Hi there, reaching out about the following. my caseload dashboard is showing a client twice under two different circle groups and it's throwing off my weekly hours count. Thanks in advance for looking into this."
Compensation & Payroll,"Hello, I need some help with a situation. my direct deposit didn't go through this cycle and I haven't gotten any notice about why. Can someone check what happened? Let me know if you need anything else from me."
Compensation & Payroll,"Hi team, hoping someone can help. I think my per-session rate updated incorrectly after my last review — it's showing the old rate on this pay period's statement. Appreciate any help you can give here."
HR / Interpersonal,"Hi, could someone take a look at this? communication has broken down between me and my team lead and I'd like a mediated conversation. This is fairly time-sensitive, so any help is appreciated."
Scheduling & Caseload,"Hi there, reaching out about the following. my calendar synced incorrectly and I ended up double-booked for two client sessions at the same time this afternoon. Happy to hop on a call if that's easier."
Compensation & Payroll,"Hi, could someone take a look at this? my supervision-hours stipend wasn't included in this month's payout even though I logged the hours in the system. Thanks in advance for looking into this."
Training & Resources,"Hi team, hoping someone can help. I'd like more guidance on best practices for handling conflict between two circle members during a group call. Let me know if you need anything else from me."
Credentialing & Compliance,"Hello, I need some help with a situation. I need clarification on the disclosure requirements before I can start seeing minors under our adolescent program. Appreciate any help you can give here."
Credentialing & Compliance,"Hi, quick one for you — I'm not seeing my updated certification reflected in my practitioner profile even though I submitted it last month."
Scheduling & Caseload,"Hey, wanted to flag something. a client tried to reschedule through the portal but it wouldn't let them pick a new time — can someone look into why?"
Credentialing & Compliance,"Hey, wanted to flag something. I need clarification on the disclosure requirements before I can start seeing minors under our adolescent program. Happy to hop on a call if that's easier."
Compensation & Payroll,"Hey, wanted to flag something. I switched from part-time to full-time status last month, but my pay still looks like it's calculated at the old rate. Thanks in advance for looking into this."
HR / Interpersonal,"Hello, I need some help with a situation. I had a disagreement with another coach over a client referral and I'd like some help mediating it. This is fairly time-sensitive, so any help is appreciated."
Platform / Technical,"Hi, could someone take a look at this? the mobile app keeps crashing whenever I try to open a client's file from my phone. Please let me know next steps."
Scheduling & Caseload,"Hi, sorry to bug you, but I need guidance on this. I have a client who's a repeated no-show and I want to understand our policy on when to pause or close out their case. This is fairly time-sensitive, so any help is appreciated."
Platform / Technical,"Hello, I need some help with a situation. I can't upload my updated intake form template — the file keeps failing to attach in the resources section. Let me know if you need anything else from me."
Training & Resources,"Hi, quick one for you — the onboarding materials I was given are missing the section on circle-facilitation protocols — can I get the updated version? Happy to hop on a call if that's easier."
Platform / Technical,"Hi, could someone take a look at this? I can't get my session notes to save — I've tried three times and the page just spins and then times out."
Credentialing & Compliance,"Hi, sorry to bug you, but I need guidance on this. my supervision hours aren't tallying correctly in the system — it's showing fewer hours than what I've actually logged. Thanks in advance for looking into this."
HR / Interpersonal,"Hi, could someone take a look at this? I feel like scheduling preferences have been handled unevenly across the team and wanted to flag it. This is fairly time-sensitive, so any help is appreciated."
HR / Interpersonal,"Hey, wanted to flag something. communication has broken down between me and my team lead and I'd like a mediated conversation. Let me know if you need anything else from me."
Platform / Technical,"Hi there, reaching out about the following. screen sharing isn't working during my [PROGRAM] circle calls — none of the members can see what I'm presenting. Appreciate any help you can give here."
General / Other,"Hey, wanted to flag something. I'm not sure who owns this, but I wanted to suggest an addition to the practitioner resource library."
General / Other,"Hello, I need some help with a situation. not urgent, but I wanted to ask a general question about how holiday coverage works across the team. Please let me know next steps."
Scheduling & Caseload,"Hey, wanted to flag something. there's a time zone mismatch on the calendar for one of my remote clients and they missed our session because of it. This is fairly time-sensitive, so any help is appreciated."
Training & Resources,"Hey, I ran into an issue and wanted to raise it. the escalation procedure doc referenced in training is out of date and doesn't match what's actually in the portal anymore."
Platform / Technical,"Hey, wanted to flag something. I'm getting a persistent error message when I try to close out a completed session in the system. Let me know if you need anything else from me."
General / Other,"Hi team, hoping someone can help. wanted to pass along some positive feedback about the new circle-matching process, for whatever team should see it. Happy to hop on a call if that's easier."
Scheduling & Caseload,"Hi, sorry to bug you, but I need guidance on this. my [PROGRAM] circle call got scheduled during a national holiday and half the group can't make it. Can we get it moved?"
General / Other,"Hi, could someone take a look at this? just a general suggestion — it'd be great if the dashboard showed upcoming renewal dates more clearly. This is fairly time-sensitive, so any help is appreciated."
Scheduling & Caseload,"Hey, wanted to flag something. I'm currently carrying more clients than my contract specifies and I need help redistributing a few before I hit burnout. Thanks in advance for looking into this."
Platform / Technical,"Hi, sorry to bug you, but I need guidance on this. I can't get my session notes to save — I've tried three times and the page just spins and then times out. Let me know if you need anything else from me."
HR / Interpersonal,"Hi there, reaching out about the following. I want to understand the process for filing a formal concern about how a teammate handled a shared client situation."
Scheduling & Caseload,"Hi, sorry to bug you, but I need guidance on this. I have back-to-back sessions with zero buffer for the rest of this week and it's affecting my ability to write notes properly. This is fairly time-sensitive, so any help is appreciated."
Scheduling & Caseload,"Hello, I need some help with a situation. my [PROGRAM] circle call got scheduled during a national holiday and half the group can't make it. Can we get it moved? Happy to hop on a call if that's easier."
Platform / Technical,"Hi, quick one for you — I can't upload my updated intake form template — the file keeps failing to attach in the resources section. Appreciate any help you can give here."
Client Safety / Escalation,"Hello, I need some help with a situation. [CLIENT ID] asked to connect with me outside of the platform and made a comment that felt like a boundary-crossing overture. I did not agree, but I want this on record and want guidance on how to respond. This is fairly time-sensitive, so any help is appreciated."
Credentialing & Compliance,"Hey, I ran into an issue and wanted to raise it. I'm not seeing my updated certification reflected in my practitioner profile even though I submitted it last month."
Training & Resources,"Hi, sorry to bug you, but I need guidance on this. can someone point me to updated materials on running the reciprocal-referral obligation with a new circle? Appreciate any help you can give here."
Training & Resources,"Hello, I need some help with a situation. can someone point me to updated materials on running the reciprocal-referral obligation with a new circle? Happy to hop on a call if that's easier."
Credentialing & Compliance,"Hi, sorry to bug you, but I need guidance on this. my supervision hours aren't tallying correctly in the system — it's showing fewer hours than what I've actually logged. Appreciate any help you can give here."
Compensation & Payroll,"Hello, I need some help with a situation. my 1099 for last year has the wrong total on it — it doesn't match the sessions I logged. Who do I talk to about a correction? Thanks in advance for looking into this."
Training & Resources,"Hi there, reaching out about the following. can someone point me to updated materials on running the reciprocal-referral obligation with a new circle?"
Client Safety / Escalation,"Hey, I ran into an issue and wanted to raise it. one of my clients has stopped responding for over a week after a session where they mentioned feeling hopeless. I'm concerned and want someone from the clinical safety team to weigh in on next steps."
Scheduling & Caseload,"Hi there, reaching out about the following. I have back-to-back sessions with zero buffer for the rest of this week and it's affecting my ability to write notes properly."
Credentialing & Compliance,"Hi there, reaching out about the following. I'm not seeing my updated certification reflected in my practitioner profile even though I submitted it last month. Appreciate any help you can give here."
Training & Resources,"Hey, wanted to flag something. the escalation procedure doc referenced in training is out of date and doesn't match what's actually in the portal anymore. Please let me know next steps."
Client Safety / Escalation,"Hi, quick one for you — during today's intake, a new client described a level of risk that's above what I'm credentialed to handle solo. I need this escalated to a supervising clinician today."
HR / Interpersonal,"Hi, quick one for you — I want to raise a concern about a colleague's conduct during our last team meeting — it felt unprofessional."
Scheduling & Caseload,"Hi there, reaching out about the following. I'm currently carrying more clients than my contract specifies and I need help redistributing a few before I hit burnout."
Credentialing & Compliance,"Hi there, reaching out about the following. my supervision hours aren't tallying correctly in the system — it's showing fewer hours than what I've actually logged. Appreciate any help you can give here."
Compensation & Payroll,"Hi team, hoping someone can help. my direct deposit didn't go through this cycle and I haven't gotten any notice about why. Can someone check what happened? This is fairly time-sensitive, so any help is appreciated."
Credentialing & Compliance,"Hi, sorry to bug you, but I need guidance on this. my malpractice insurance documentation on file looks outdated — can someone confirm if it needs to be refreshed? Thanks in advance for looking into this."
HR / Interpersonal,"Hey, I ran into an issue and wanted to raise it. there's been some friction in my team's group chat that I think needs a manager to step in on. Let me know if you need anything else from me."
Scheduling & Caseload,"Hello, I need some help with a situation. my calendar synced incorrectly and I ended up double-booked for two client sessions at the same time this afternoon. Appreciate any help you can give here."
Scheduling & Caseload,"Hi, quick one for you — I'd like to formally request a reduction in weekly session load — I'm at capacity and it's starting to affect quality of care."
Platform / Technical,"Hi team, hoping someone can help. I can't upload my updated intake form template — the file keeps failing to attach in the resources section. Please let me know next steps."
Training & Resources,"Hey, wanted to flag something. I'm unclear on how to handle group facilitation versus individual coaching sessions — is there a guide for this? Appreciate any help you can give here."
Platform / Technical,"Hi, sorry to bug you, but I need guidance on this. I can't upload my updated intake form template — the file keeps failing to attach in the resources section. Let me know if you need anything else from me."
Compensation & Payroll,"Hi team, hoping someone can help. my 1099 for last year has the wrong total on it — it doesn't match the sessions I logged. Who do I talk to about a correction? Please let me know next steps."
HR / Interpersonal,"Hello, I need some help with a situation. I felt excluded from a decision that affected my caseload and want to understand how those calls get made. Please let me know next steps."
HR / Interpersonal,"Hi, sorry to bug you, but I need guidance on this. I want to raise a concern about a colleague's conduct during our last team meeting — it felt unprofessional."
HR / Interpersonal,"Hi team, hoping someone can help. I feel like scheduling preferences have been handled unevenly across the team and wanted to flag it."
Compensation & Payroll,"Hi there, reaching out about the following. I need to update my banking information for payroll but the portal keeps giving me an error when I try to save changes."
Platform / Technical,"Hi, sorry to bug you, but I need guidance on this. I'm not receiving session reminder notifications anymore, and I've already missed logging in on time twice this week because of it. Let me know if you need anything else from me."
Credentialing & Compliance,"Hi, could someone take a look at this? I want to confirm whether my recent conference attendance counts toward this cycle's CEU requirement. Let me know if you need anything else from me."
Platform / Technical,"Hi team, hoping someone can help. the audio kept cutting out during today's session and I couldn't tell if it was on my end or the platform's."
Scheduling & Caseload,"Hi there, reaching out about the following. the system auto-assigned me a new client outside my specialty area — can this be reassigned to someone better suited? Let me know if you need anything else from me."
Training & Resources,"Hi team, hoping someone can help. I'm unclear on how to handle group facilitation versus individual coaching sessions — is there a guide for this? This is fairly time-sensitive, so any help is appreciated."
Credentialing & Compliance,"Hi, could someone take a look at this? I need to submit my updated license renewal documentation but I'm not sure which portal section that goes in. Appreciate any help you can give here."
Platform / Technical,"Hi there, reaching out about the following. I can't upload my updated intake form template — the file keeps failing to attach in the resources section. Please let me know next steps."
Scheduling & Caseload,"Hi there, reaching out about the following. I need coverage for [CLIENT ID]'s sessions next week since I'll be out on planned leave starting Monday. Appreciate any help you can give here."
Scheduling & Caseload,"Hi, quick one for you — I'd like to formally request a reduction in weekly session load — I'm at capacity and it's starting to affect quality of care. Happy to hop on a call if that's easier."
Platform / Technical,"Hey, wanted to flag something. two-factor authentication isn't sending me a code, so I've been locked out of my dashboard since this morning."
Compensation & Payroll,"Hello, I need some help with a situation. my supervision-hours stipend wasn't included in this month's payout even though I logged the hours in the system. Thanks in advance for looking into this."
Platform / Technical,"Hey, I ran into an issue and wanted to raise it. the platform logged me out mid-session and I had to scramble to get back in while my client waited."
Scheduling & Caseload,"Hello, I need some help with a situation. there's a time zone mismatch on the calendar for one of my remote clients and they missed our session because of it."
General / Other,"Hi, quick one for you — I wasn't sure which queue this belongs to, but I wanted to share some feedback on the new client intake flow. This is fairly time-sensitive, so any help is appreciated."
Platform / Technical,"Hey, I ran into an issue and wanted to raise it. screen sharing isn't working during my [PROGRAM] circle calls — none of the members can see what I'm presenting. Happy to hop on a call if that's easier."
Credentialing & Compliance,"Hey, I ran into an issue and wanted to raise it. my supervision hours aren't tallying correctly in the system — it's showing fewer hours than what I've actually logged. Happy to hop on a call if that's easier."
Training & Resources,"Hi there, reaching out about the following. the intake script we're supposed to use hasn't been updated to reflect the new question set — can this get fixed? Thanks in advance for looking into this."
Credentialing & Compliance,"Hey, wanted to flag something. my malpractice insurance documentation on file looks outdated — can someone confirm if it needs to be refreshed? Thanks in advance for looking into this."
Credentialing & Compliance,"Hi there, reaching out about the following. my malpractice insurance documentation on file looks outdated — can someone confirm if it needs to be refreshed? Please let me know next steps."
Compensation & Payroll,"Hi, sorry to bug you, but I need guidance on this. I need to update my banking information for payroll but the portal keeps giving me an error when I try to save changes. Please let me know next steps."
Client Safety / Escalation,"Hi, could someone take a look at this? a client mentioned they have access to a firearm and made a comment that concerned me enough that I want a second clinical opinion before our next scheduled session. Thanks in advance for looking into this."
Platform / Technical,"Hello, I need some help with a situation. the platform logged me out mid-session and I had to scramble to get back in while my client waited. Happy to hop on a call if that's easier."
Compensation & Payroll,"Hey, I ran into an issue and wanted to raise it. I was told I'd get the caseload bonus this quarter but it's not reflected in my latest pay statement. Let me know if you need anything else from me."
Platform / Technical,"Hi, sorry to bug you, but I need guidance on this. the platform logged me out mid-session and I had to scramble to get back in while my client waited. This is fairly time-sensitive, so any help is appreciated."
Scheduling & Caseload,"Hi, could someone take a look at this? I need coverage for [CLIENT ID]'s sessions next week since I'll be out on planned leave starting Monday. Happy to hop on a call if that's easier."
Scheduling & Caseload,"Hi, sorry to bug you, but I need guidance on this. a client tried to reschedule through the portal but it wouldn't let them pick a new time — can someone look into why? Please let me know next steps."
Scheduling & Caseload,"Hi team, hoping someone can help. I'm currently carrying more clients than my contract specifies and I need help redistributing a few before I hit burnout. Let me know if you need anything else from me."
Scheduling & Caseload,"Hi, quick one for you — I need coverage for [CLIENT ID]'s sessions next week since I'll be out on planned leave starting Monday. This is fairly time-sensitive, so any help is appreciated."
HR / Interpersonal,"Hi there, reaching out about the following. I want to raise a concern about a colleague's conduct during our last team meeting — it felt unprofessional."
HR / Interpersonal,"Hey, I ran into an issue and wanted to raise it. there's been some friction in my team's group chat that I think needs a manager to step in on."
Compensation & Payroll,"Hi, could someone take a look at this? I switched from part-time to full-time status last month, but my pay still looks like it's calculated at the old rate. Happy to hop on a call if that's easier."
Training & Resources,"Hey, I ran into an issue and wanted to raise it. the escalation procedure doc referenced in training is out of date and doesn't match what's actually in the portal anymore. Thanks in advance for looking into this."
Compensation & Payroll,"Hello, I need some help with a situation. I think my per-session rate updated incorrectly after my last review — it's showing the old rate on this pay period's statement."
HR / Interpersonal,"Hi there, reaching out about the following. I feel like scheduling preferences have been handled unevenly across the team and wanted to flag it."
Client Safety / Escalation,"Hey, I ran into an issue and wanted to raise it. during today's intake, a new client described a level of risk that's above what I'm credentialed to handle solo. I need this escalated to a supervising clinician today."
Compensation & Payroll,"Hi, could someone take a look at this? I think my per-session rate updated incorrectly after my last review — it's showing the old rate on this pay period's statement. Thanks in advance for looking into this."
Platform / Technical,"Hi there, reaching out about the following. I logged in this morning and the dashboard is showing someone else's client list instead of mine."
Compensation & Payroll,"Hi team, hoping someone can help. my direct deposit didn't go through this cycle and I haven't gotten any notice about why. Can someone check what happened? Thanks in advance for looking into this."
HR / Interpersonal,"Hi there, reaching out about the following. I'd like to report a comment made by a colleague that made me uncomfortable during a shared client handoff call."
Platform / Technical,"Hey, wanted to flag something. the mobile app keeps crashing whenever I try to open a client's file from my phone."
Training & Resources,"Hi there, reaching out about the following. the escalation procedure doc referenced in training is out of date and doesn't match what's actually in the portal anymore. Let me know if you need anything else from me."
Client Safety / Escalation,"Hey, I ran into an issue and wanted to raise it. a member of my [PROGRAM] circle, [CLIENT ID], said something during the group call that made another member visibly uncomfortable — bordering on a boundary violation. I paused the call and want to escalate before the next session."
Compensation & Payroll,"Hi, could someone take a look at this? my supervision-hours stipend wasn't included in this month's payout even though I logged the hours in the system. Let me know if you need anything else from me."
Platform / Technical,"Hi, sorry to bug you, but I need guidance on this. the audio kept cutting out during today's session and I couldn't tell if it was on my end or the platform's. Thanks in advance for looking into this."
Platform / Technical,"Hi, could someone take a look at this? I logged in this morning and the dashboard is showing someone else's client list instead of mine. Happy to hop on a call if that's easier."
HR / Interpersonal,"Hi, quick one for you — I feel like scheduling preferences have been handled unevenly across the team and wanted to flag it. This is fairly time-sensitive, so any help is appreciated."
Client Safety / Escalation,"Hey, I ran into an issue and wanted to raise it. during my session with [CLIENT ID] they disclosed an incident of ongoing domestic violence at home. I want to make sure we're following the right mandatory reporting protocol. This is fairly time-sensitive, so any help is appreciated."
HR / Interpersonal,"Hi team, hoping someone can help. I disagree with the feedback I received in my last review and would like to discuss it with someone in HR. This is fairly time-sensitive, so any help is appreciated."
Scheduling & Caseload,"Hello, I need some help with a situation. my calendar synced incorrectly and I ended up double-booked for two client sessions at the same time this afternoon. Thanks in advance for looking into this."
Platform / Technical,"Hi, quick one for you — the client-facing app is displaying my old profile photo and outdated availability even though I updated both weeks ago. Let me know if you need anything else from me."
Compensation & Payroll,"Hi, sorry to bug you, but I need guidance on this. I was told I'd get the caseload bonus this quarter but it's not reflected in my latest pay statement. Let me know if you need anything else from me."
Client Safety / Escalation,"Hi, quick one for you — during my session with [CLIENT ID] they disclosed an incident of ongoing domestic violence at home. I want to make sure we're following the right mandatory reporting protocol."
Platform / Technical,"Hey, wanted to flag something. I'm getting a persistent error message when I try to close out a completed session in the system. Happy to hop on a call if that's easier."
HR / Interpersonal,"Hi there, reaching out about the following. I want to understand the process for filing a formal concern about how a teammate handled a shared client situation. Thanks in advance for looking into this."
HR / Interpersonal,"Hi team, hoping someone can help. I want to understand the process for filing a formal concern about how a teammate handled a shared client situation. Let me know if you need anything else from me."
HR / Interpersonal,"Hi, sorry to bug you, but I need guidance on this. I felt excluded from a decision that affected my caseload and want to understand how those calls get made. Let me know if you need anything else from me."
Credentialing & Compliance,"Hi team, hoping someone can help. can someone confirm the required cadence for clinical supervision check-ins under my current credential level?"
General / Other,"Hi, quick one for you — just checking in with a general question about company-wide policy on client gift acceptance. Please let me know next steps."
Scheduling & Caseload,"Hi, sorry to bug you, but I need guidance on this. I need coverage for [CLIENT ID]'s sessions next week since I'll be out on planned leave starting Monday. This is fairly time-sensitive, so any help is appreciated."
HR / Interpersonal,"Hi, quick one for you — communication has broken down between me and my team lead and I'd like a mediated conversation."
Platform / Technical,"Hi, quick one for you — I'm getting a persistent error message when I try to close out a completed session in the system. Happy to hop on a call if that's easier."
HR / Interpersonal,"Hi team, hoping someone can help. communication has broken down between me and my team lead and I'd like a mediated conversation."
Credentialing & Compliance,"Hi, could someone take a look at this? I want to confirm whether my recent conference attendance counts toward this cycle's CEU requirement. This is fairly time-sensitive, so any help is appreciated."
Compensation & Payroll,"Hi there, reaching out about the following. my supervision-hours stipend wasn't included in this month's payout even though I logged the hours in the system."
Scheduling & Caseload,"Hi there, reaching out about the following. my calendar synced incorrectly and I ended up double-booked for two client sessions at the same time this afternoon. Appreciate any help you can give here."
Client Safety / Escalation,"Hey, wanted to flag something. [CLIENT ID] asked to connect with me outside of the platform and made a comment that felt like a boundary-crossing overture. I did not agree, but I want this on record and want guidance on how to respond. Thanks in advance for looking into this."
Compensation & Payroll,"Hi, could someone take a look at this? my 1099 for last year has the wrong total on it — it doesn't match the sessions I logged. Who do I talk to about a correction?"
Scheduling & Caseload,"Hi team, hoping someone can help. there's a time zone mismatch on the calendar for one of my remote clients and they missed our session because of it. This is fairly time-sensitive, so any help is appreciated."
General / Other,"Hi there, reaching out about the following. I have a question that doesn't seem to fit any specific category, about how referrals get counted toward caseload targets."
Scheduling & Caseload,"Hey, wanted to flag something. my [PROGRAM] circle call got scheduled during a national holiday and half the group can't make it. Can we get it moved?"
Compensation & Payroll,"Hi team, hoping someone can help. I noticed my last payment is missing three sessions from the week of [TICKET ID] — the count on my dashboard doesn't match what I actually ran. Thanks in advance for looking into this."
Compensation & Payroll,"Hi there, reaching out about the following. my 1099 for last year has the wrong total on it — it doesn't match the sessions I logged. Who do I talk to about a correction? Let me know if you need anything else from me."
Training & Resources,"Hey, I ran into an issue and wanted to raise it. I'd like to request a training session on the new tribe-matching framework since it's changed since I onboarded. Please let me know next steps."
Platform / Technical,"Hey, wanted to flag something. I can't get my session notes to save — I've tried three times and the page just spins and then times out. Please let me know next steps."
Scheduling & Caseload,"Hi, sorry to bug you, but I need guidance on this. my caseload dashboard is showing a client twice under two different circle groups and it's throwing off my weekly hours count. Appreciate any help you can give here."
General / Other,"Hi team, hoping someone can help. wanted to pass along some positive feedback about the new circle-matching process, for whatever team should see it. This is fairly time-sensitive, so any help is appreciated."
Client Safety / Escalation,"Hi team, hoping someone can help. during today's intake, a new client described a level of risk that's above what I'm credentialed to handle solo. I need this escalated to a supervising clinician today. Let me know if you need anything else from me."
Credentialing & Compliance,"Hi, sorry to bug you, but I need guidance on this. my malpractice insurance documentation on file looks outdated — can someone confirm if it needs to be refreshed? Let me know if you need anything else from me."
HR / Interpersonal,"Hey, wanted to flag something. I want to understand the process for filing a formal concern about how a teammate handled a shared client situation."
Training & Resources,"Hi there, reaching out about the following. the onboarding materials I was given are missing the section on circle-facilitation protocols — can I get the updated version?"
HR / Interpersonal,"Hi, could someone take a look at this? I'd like to report a comment made by a colleague that made me uncomfortable during a shared client handoff call. Thanks in advance for looking into this."
Platform / Technical,"Hey, wanted to flag something. the platform logged me out mid-session and I had to scramble to get back in while my client waited. Thanks in advance for looking into this."
Scheduling & Caseload,"Hey, wanted to flag something. I have back-to-back sessions with zero buffer for the rest of this week and it's affecting my ability to write notes properly."
Scheduling & Caseload,"Hello, I need some help with a situation. a client tried to reschedule through the portal but it wouldn't let them pick a new time — can someone look into why?"
Platform / Technical,"Hi, could someone take a look at this? the mobile app keeps crashing whenever I try to open a client's file from my phone. Happy to hop on a call if that's easier."
Compensation & Payroll,"Hi there, reaching out about the following. I switched from part-time to full-time status last month, but my pay still looks like it's calculated at the old rate. Thanks in advance for looking into this."
Compensation & Payroll,"Hi, could someone take a look at this? my supervision-hours stipend wasn't included in this month's payout even though I logged the hours in the system."
Compensation & Payroll,"Hi, could someone take a look at this? I noticed my last payment is missing three sessions from the week of [TICKET ID] — the count on my dashboard doesn't match what I actually ran. Let me know if you need anything else from me."
Platform / Technical,"Hi, could someone take a look at this? two-factor authentication isn't sending me a code, so I've been locked out of my dashboard since this morning. Please let me know next steps."
General / Other,"Hello, I need some help with a situation. I have a question that doesn't seem to fit any specific category, about how referrals get counted toward caseload targets. Thanks in advance for looking into this."
Training & Resources,"Hey, wanted to flag something. is there a refresher training available on the new confidentiality policy that went out last month?"
General / Other,"Hi, could someone take a look at this? I'm not sure who owns this, but I wanted to suggest an addition to the practitioner resource library. Let me know if you need anything else from me."
HR / Interpersonal,"Hi, sorry to bug you, but I need guidance on this. I'd like to report a comment made by a colleague that made me uncomfortable during a shared client handoff call. This is fairly time-sensitive, so any help is appreciated."
HR / Interpersonal,"Hey, wanted to flag something. I'd like to report a comment made by a colleague that made me uncomfortable during a shared client handoff call. Happy to hop on a call if that's easier."
Credentialing & Compliance,"Hi, quick one for you — I need to submit my updated license renewal documentation but I'm not sure which portal section that goes in. Thanks in advance for looking into this."
Credentialing & Compliance,"Hey, wanted to flag something. I want to confirm whether my recent conference attendance counts toward this cycle's CEU requirement. Thanks in advance for looking into this."
General / Other,"Hi there, reaching out about the following. I'm not sure who owns this, but I wanted to suggest an addition to the practitioner resource library. This is fairly time-sensitive, so any help is appreciated."
Scheduling & Caseload,"Hi there, reaching out about the following. the system auto-assigned me a new client outside my specialty area — can this be reassigned to someone better suited?"
Training & Resources,"Hi team, hoping someone can help. the resource library doesn't have a template for the mid-program check-in I'm supposed to run with clients. Let me know if you need anything else from me."
Scheduling & Caseload,"Hi team, hoping someone can help. there's a time zone mismatch on the calendar for one of my remote clients and they missed our session because of it."
Credentialing & Compliance,"Hi there, reaching out about the following. I have an ethics question about seeing two clients who know each other personally — want guidance before proceeding. Let me know if you need anything else from me."
Training & Resources,"Hi, could someone take a look at this? I never received the welcome packet that's supposed to include the crisis-response quick reference sheet."
Platform / Technical,"Hi, quick one for you — the mobile app keeps crashing whenever I try to open a client's file from my phone. Appreciate any help you can give here."
Platform / Technical,"Hey, wanted to flag something. the video call tool crashed twice during my session with [CLIENT ID] today and we lost about 15 minutes trying to reconnect."
Training & Resources,"Hi team, hoping someone can help. I'd like to request a training session on the new tribe-matching framework since it's changed since I onboarded. Happy to hop on a call if that's easier."
Compensation & Payroll,"Hi team, hoping someone can help. I submitted a reimbursement request for materials I bought for a group workshop three weeks ago and it still hasn't been processed."
Scheduling & Caseload,"Hey, wanted to flag something. there's a time zone mismatch on the calendar for one of my remote clients and they missed our session because of it."
Platform / Technical,"Hi team, hoping someone can help. the video call tool crashed twice during my session with [CLIENT ID] today and we lost about 15 minutes trying to reconnect. Please let me know next steps."
Platform / Technical,"Hi, sorry to bug you, but I need guidance on this. the video call tool crashed twice during my session with [CLIENT ID] today and we lost about 15 minutes trying to reconnect."
Scheduling & Caseload,"Hi, sorry to bug you, but I need guidance on this. I need coverage for [CLIENT ID]'s sessions next week since I'll be out on planned leave starting Monday. Appreciate any help you can give here."
Compensation & Payroll,"Hey, I ran into an issue and wanted to raise it. I haven't received any payment confirmation for [PROGRAM] this month and I'm not sure if it's a processing delay or something else."
Credentialing & Compliance,"Hi, sorry to bug you, but I need guidance on this. I need clarification on the disclosure requirements before I can start seeing minors under our adolescent program. Let me know if you need anything else from me."
Scheduling & Caseload,"Hi there, reaching out about the following. I need coverage for [CLIENT ID]'s sessions next week since I'll be out on planned leave starting Monday. Happy to hop on a call if that's easier."
Platform / Technical,"Hi there, reaching out about the following. I'm not receiving session reminder notifications anymore, and I've already missed logging in on time twice this week because of it. Thanks in advance for looking into this."
Scheduling & Caseload,"Hey, I ran into an issue and wanted to raise it. there's a time zone mismatch on the calendar for one of my remote clients and they missed our session because of it. Happy to hop on a call if that's easier."
Platform / Technical,"Hi, could someone take a look at this? the platform logged me out mid-session and I had to scramble to get back in while my client waited."
Scheduling & Caseload,"Hi, sorry to bug you, but I need guidance on this. my caseload dashboard is showing a client twice under two different circle groups and it's throwing off my weekly hours count. Happy to hop on a call if that's easier."
Platform / Technical,"Hello, I need some help with a situation. the video call tool crashed twice during my session with [CLIENT ID] today and we lost about 15 minutes trying to reconnect."
General / Other,"Hi, quick one for you — not urgent, but I wanted to ask a general question about how holiday coverage works across the team. Thanks in advance for looking into this."
Platform / Technical,"Hi, sorry to bug you, but I need guidance on this. screen sharing isn't working during my [PROGRAM] circle calls — none of the members can see what I'm presenting."
Scheduling & Caseload,"Hi there, reaching out about the following. I need to swap two client slots this week due to a personal scheduling conflict, but the portal doesn't have a self-serve option for that. Let me know if you need anything else from me."
Scheduling & Caseload,"Hey, wanted to flag something. the system auto-assigned me a new client outside my specialty area — can this be reassigned to someone better suited? Appreciate any help you can give here."
Platform / Technical,"Hi, could someone take a look at this? I can't get my session notes to save — I've tried three times and the page just spins and then times out. This is fairly time-sensitive, so any help is appreciated."
Platform / Technical,"Hello, I need some help with a situation. I can't upload my updated intake form template — the file keeps failing to attach in the resources section. Please let me know next steps."
Scheduling & Caseload,"Hi team, hoping someone can help. I'm currently carrying more clients than my contract specifies and I need help redistributing a few before I hit burnout. Thanks in advance for looking into this."
General / Other,"Hi, quick one for you — just a general suggestion — it'd be great if the dashboard showed upcoming renewal dates more clearly."
Compensation & Payroll,"Hey, I ran into an issue and wanted to raise it. I noticed a payroll deduction on my statement I don't recognize — can someone explain what this is for?"
Scheduling & Caseload,"Hi there, reaching out about the following. I need to swap two client slots this week due to a personal scheduling conflict, but the portal doesn't have a self-serve option for that."
Training & Resources,"Hi, quick one for you — the onboarding materials I was given are missing the section on circle-facilitation protocols — can I get the updated version?"
General / Other,"Hey, wanted to flag something. wanted to pass along some positive feedback about the new circle-matching process, for whatever team should see it."
Training & Resources,"Hey, wanted to flag something. is there a refresher training available on the new confidentiality policy that went out last month? Happy to hop on a call if that's easier."
Platform / Technical,"Hi there, reaching out about the following. the audio kept cutting out during today's session and I couldn't tell if it was on my end or the platform's. This is fairly time-sensitive, so any help is appreciated."
General / Other,"Hi, sorry to bug you, but I need guidance on this. just checking in with a general question about company-wide policy on client gift acceptance. Let me know if you need anything else from me."
Platform / Technical,"Hi, quick one for you — the video call tool crashed twice during my session with [CLIENT ID] today and we lost about 15 minutes trying to reconnect."
Scheduling & Caseload,"Hi team, hoping someone can help. my [PROGRAM] circle call got scheduled during a national holiday and half the group can't make it. Can we get it moved? Happy to hop on a call if that's easier."
Training & Resources,"Hello, I need some help with a situation. I'd like to request a training session on the new tribe-matching framework since it's changed since I onboarded. Please let me know next steps."
Platform / Technical,"Hey, wanted to flag something. the mobile app keeps crashing whenever I try to open a client's file from my phone. This is fairly time-sensitive, so any help is appreciated."
HR / Interpersonal,"Hey, I ran into an issue and wanted to raise it. there's ongoing tension between me and another practitioner who's assigned to overlapping clients in the same circle. Appreciate any help you can give here."
Training & Resources,"Hello, I need some help with a situation. the escalation procedure doc referenced in training is out of date and doesn't match what's actually in the portal anymore. Please let me know next steps."
Platform / Technical,"Hey, I ran into an issue and wanted to raise it. the mobile app keeps crashing whenever I try to open a client's file from my phone. Please let me know next steps."
Client Safety / Escalation,"Hi, could someone take a look at this? I have a client disclosing what sounds like active substance relapse combined with talk of self-harm. I need an urgent clinical consult before I go back into session with them. This is fairly time-sensitive, so any help is appreciated."
Training & Resources,"Hi, could someone take a look at this? the onboarding materials I was given are missing the section on circle-facilitation protocols — can I get the updated version? Thanks in advance for looking into this."
Credentialing & Compliance,"Hey, wanted to flag something. my supervision hours aren't tallying correctly in the system — it's showing fewer hours than what I've actually logged."
Platform / Technical,"Hello, I need some help with a situation. the mobile app keeps crashing whenever I try to open a client's file from my phone. Happy to hop on a call if that's easier."
Client Safety / Escalation,"Hey, wanted to flag something. during today's intake, a new client described a level of risk that's above what I'm credentialed to handle solo. I need this escalated to a supervising clinician today. Thanks in advance for looking into this."
Compensation & Payroll,"Hi there, reaching out about the following. I switched from part-time to full-time status last month, but my pay still looks like it's calculated at the old rate."
Scheduling & Caseload,"Hi team, hoping someone can help. there's a time zone mismatch on the calendar for one of my remote clients and they missed our session because of it. Let me know if you need anything else from me."
Scheduling & Caseload,"Hi, sorry to bug you, but I need guidance on this. there's a time zone mismatch on the calendar for one of my remote clients and they missed our session because of it. Let me know if you need anything else from me."
Platform / Technical,"Hi, sorry to bug you, but I need guidance on this. two-factor authentication isn't sending me a code, so I've been locked out of my dashboard since this morning. Please let me know next steps."
Platform / Technical,"Hey, I ran into an issue and wanted to raise it. I can't get my session notes to save — I've tried three times and the page just spins and then times out. Let me know if you need anything else from me."
Scheduling & Caseload,"Hi, could someone take a look at this? the system auto-assigned me a new client outside my specialty area — can this be reassigned to someone better suited? Thanks in advance for looking into this."
Compensation & Payroll,"Hi, sorry to bug you, but I need guidance on this. I was told I'd get the caseload bonus this quarter but it's not reflected in my latest pay statement. Thanks in advance for looking into this."
Training & Resources,"Hi, sorry to bug you, but I need guidance on this. the resource library doesn't have a template for the mid-program check-in I'm supposed to run with clients. Appreciate any help you can give here."
Compensation & Payroll,"Hey, wanted to flag something. I think my per-session rate updated incorrectly after my last review — it's showing the old rate on this pay period's statement."
Credentialing & Compliance,"Hey, wanted to flag something. I have an ethics question about seeing two clients who know each other personally — want guidance before proceeding. Thanks in advance for looking into this."
Scheduling & Caseload,"Hi, sorry to bug you, but I need guidance on this. my calendar synced incorrectly and I ended up double-booked for two client sessions at the same time this afternoon."
HR / Interpersonal,"Hi team, hoping someone can help. communication has broken down between me and my team lead and I'd like a mediated conversation. Let me know if you need anything else from me."
Compensation & Payroll,"Hi team, hoping someone can help. I need to update my banking information for payroll but the portal keeps giving me an error when I try to save changes."
Scheduling & Caseload,"Hello, I need some help with a situation. I have a client who's a repeated no-show and I want to understand our policy on when to pause or close out their case. Let me know if you need anything else from me."
Compensation & Payroll,"Hey, wanted to flag something. I was told I'd get the caseload bonus this quarter but it's not reflected in my latest pay statement. Thanks in advance for looking into this."
Platform / Technical,"Hey, wanted to flag something. the client-facing app is displaying my old profile photo and outdated availability even though I updated both weeks ago. Please let me know next steps."
Platform / Technical,"Hi team, hoping someone can help. I'm getting a persistent error message when I try to close out a completed session in the system. Appreciate any help you can give here."
Training & Resources,"Hi, quick one for you — I'd like more guidance on best practices for handling conflict between two circle members during a group call. Happy to hop on a call if that's easier."
Credentialing & Compliance,"Hello, I need some help with a situation. I have an ethics question about seeing two clients who know each other personally — want guidance before proceeding."
Credentialing & Compliance,"Hi, quick one for you — my background check renewal notice says it's due, but I haven't received instructions on how to complete it."
Credentialing & Compliance,"Hello, I need some help with a situation. my background check renewal notice says it's due, but I haven't received instructions on how to complete it. Happy to hop on a call if that's easier."
Platform / Technical,"Hey, I ran into an issue and wanted to raise it. I'm not receiving session reminder notifications anymore, and I've already missed logging in on time twice this week because of it."
Scheduling & Caseload,"Hi, could someone take a look at this? the system auto-assigned me a new client outside my specialty area — can this be reassigned to someone better suited? Happy to hop on a call if that's easier."
Scheduling & Caseload,"Hey, wanted to flag something. I have back-to-back sessions with zero buffer for the rest of this week and it's affecting my ability to write notes properly. This is fairly time-sensitive, so any help is appreciated."
Credentialing & Compliance,"Hi, quick one for you — my malpractice insurance documentation on file looks outdated — can someone confirm if it needs to be refreshed? Please let me know next steps."
Credentialing & Compliance,"Hey, wanted to flag something. I need to submit my updated license renewal documentation but I'm not sure which portal section that goes in. Please let me know next steps."
HR / Interpersonal,"Hey, wanted to flag something. I felt excluded from a decision that affected my caseload and want to understand how those calls get made. Happy to hop on a call if that's easier."
Credentialing & Compliance,"Hi, could someone take a look at this? my background check renewal notice says it's due, but I haven't received instructions on how to complete it. This is fairly time-sensitive, so any help is appreciated."
Compensation & Payroll,"Hi, sorry to bug you, but I need guidance on this. I submitted a reimbursement request for materials I bought for a group workshop three weeks ago and it still hasn't been processed. Please let me know next steps."
Scheduling & Caseload,"Hi, quick one for you — I have back-to-back sessions with zero buffer for the rest of this week and it's affecting my ability to write notes properly. Happy to hop on a call if that's easier."
Platform / Technical,"Hi, sorry to bug you, but I need guidance on this. the video call tool crashed twice during my session with [CLIENT ID] today and we lost about 15 minutes trying to reconnect. Happy to hop on a call if that's easier."
Platform / Technical,"Hi, sorry to bug you, but I need guidance on this. I logged in this morning and the dashboard is showing someone else's client list instead of mine. Let me know if you need anything else from me."
HR / Interpersonal,"Hi, quick one for you — I want to understand the process for filing a formal concern about how a teammate handled a shared client situation. Appreciate any help you can give here."
Training & Resources,"Hi there, reaching out about the following. I'd like more guidance on best practices for handling conflict between two circle members during a group call."
Scheduling & Caseload,"Hi, quick one for you — my [PROGRAM] circle call got scheduled during a national holiday and half the group can't make it. Can we get it moved? Thanks in advance for looking into this."
General / Other,"Hi, sorry to bug you, but I need guidance on this. I have a question that doesn't seem to fit any specific category, about how referrals get counted toward caseload targets. Happy to hop on a call if that's easier."
HR / Interpersonal,"Hello, I need some help with a situation. I feel like scheduling preferences have been handled unevenly across the team and wanted to flag it. Please let me know next steps."
Scheduling & Caseload,"Hey, wanted to flag something. my caseload dashboard is showing a client twice under two different circle groups and it's throwing off my weekly hours count."
Platform / Technical,"Hi team, hoping someone can help. the audio kept cutting out during today's session and I couldn't tell if it was on my end or the platform's. Please let me know next steps."
Platform / Technical,"Hi, sorry to bug you, but I need guidance on this. I can't get my session notes to save — I've tried three times and the page just spins and then times out. Please let me know next steps."
Credentialing & Compliance,"Hi, could someone take a look at this? my malpractice insurance documentation on file looks outdated — can someone confirm if it needs to be refreshed? Please let me know next steps."
HR / Interpersonal,"Hi, sorry to bug you, but I need guidance on this. I had a disagreement with another coach over a client referral and I'd like some help mediating it. Thanks in advance for looking into this."
Client Safety / Escalation,"Hey, wanted to flag something. during my session with [CLIENT ID] they disclosed an incident of ongoing domestic violence at home. I want to make sure we're following the right mandatory reporting protocol. Please let me know next steps."
General / Other,"Hi there, reaching out about the following. just a general suggestion — it'd be great if the dashboard showed upcoming renewal dates more clearly."
Platform / Technical,"Hi team, hoping someone can help. I can't upload my updated intake form template — the file keeps failing to attach in the resources section."
Platform / Technical,"Hey, wanted to flag something. two-factor authentication isn't sending me a code, so I've been locked out of my dashboard since this morning. Please let me know next steps."
HR / Interpersonal,"Hi team, hoping someone can help. there's ongoing tension between me and another practitioner who's assigned to overlapping clients in the same circle."
Compensation & Payroll,"Hi, quick one for you — my direct deposit didn't go through this cycle and I haven't gotten any notice about why. Can someone check what happened? Thanks in advance for looking into this."
Platform / Technical,"Hey, I ran into an issue and wanted to raise it. I'm not receiving session reminder notifications anymore, and I've already missed logging in on time twice this week because of it. Please let me know next steps."
Scheduling & Caseload,"Hey, I ran into an issue and wanted to raise it. I'm currently carrying more clients than my contract specifies and I need help redistributing a few before I hit burnout. Appreciate any help you can give here."
Compensation & Payroll,"Hi team, hoping someone can help. I need to update my banking information for payroll but the portal keeps giving me an error when I try to save changes. Thanks in advance for looking into this."
Compensation & Payroll,"Hi, could someone take a look at this? I haven't received any payment confirmation for [PROGRAM] this month and I'm not sure if it's a processing delay or something else. Happy to hop on a call if that's easier."
General / Other,"Hi, quick one for you — not urgent, but I wanted to ask a general question about how holiday coverage works across the team. Please let me know next steps."
General / Other,"Hi team, hoping someone can help. I have a question that doesn't seem to fit any specific category, about how referrals get counted toward caseload targets."
Platform / Technical,"Hi team, hoping someone can help. I'm not receiving session reminder notifications anymore, and I've already missed logging in on time twice this week because of it. Please let me know next steps."
Credentialing & Compliance,"Hi, quick one for you — my malpractice insurance documentation on file looks outdated — can someone confirm if it needs to be refreshed? This is fairly time-sensitive, so any help is appreciated."
Training & Resources,"Hi there, reaching out about the following. I'd like to request a training session on the new tribe-matching framework since it's changed since I onboarded. Happy to hop on a call if that's easier."
General / Other,"Hey, wanted to flag something. I have a question that doesn't seem to fit any specific category, about how referrals get counted toward caseload targets. Happy to hop on a call if that's easier."
Platform / Technical,"Hi, sorry to bug you, but I need guidance on this. I'm getting a persistent error message when I try to close out a completed session in the system."
Platform / Technical,"Hi, sorry to bug you, but I need guidance on this. I can't get my session notes to save — I've tried three times and the page just spins and then times out. Happy to hop on a call if that's easier."
Training & Resources,"Hi, could someone take a look at this? the intake script we're supposed to use hasn't been updated to reflect the new question set — can this get fixed? Let me know if you need anything else from me."
Scheduling & Caseload,"Hi, sorry to bug you, but I need guidance on this. I need to swap two client slots this week due to a personal scheduling conflict, but the portal doesn't have a self-serve option for that. Let me know if you need anything else from me."
Compensation & Payroll,"Hi, sorry to bug you, but I need guidance on this. my 1099 for last year has the wrong total on it — it doesn't match the sessions I logged. Who do I talk to about a correction? Thanks in advance for looking into this."
Compensation & Payroll,"Hi, could someone take a look at this? my direct deposit didn't go through this cycle and I haven't gotten any notice about why. Can someone check what happened?"
Platform / Technical,"Hey, I ran into an issue and wanted to raise it. the audio kept cutting out during today's session and I couldn't tell if it was on my end or the platform's. Please let me know next steps."
Compensation & Payroll,"Hello, I need some help with a situation. I submitted a reimbursement request for materials I bought for a group workshop three weeks ago and it still hasn't been processed."
Training & Resources,"Hey, wanted to flag something. the escalation procedure doc referenced in training is out of date and doesn't match what's actually in the portal anymore. Let me know if you need anything else from me."
Scheduling & Caseload,"Hi, could someone take a look at this? I have a client who's a repeated no-show and I want to understand our policy on when to pause or close out their case. Please let me know next steps."
HR / Interpersonal,"Hi team, hoping someone can help. I'd like to report a comment made by a colleague that made me uncomfortable during a shared client handoff call. This is fairly time-sensitive, so any help is appreciated."
Platform / Technical,"Hello, I need some help with a situation. the video call tool crashed twice during my session with [CLIENT ID] today and we lost about 15 minutes trying to reconnect. Appreciate any help you can give here."
Training & Resources,"Hi team, hoping someone can help. I'd like more guidance on best practices for handling conflict between two circle members during a group call. Appreciate any help you can give here."
Training & Resources,"Hey, wanted to flag something. can someone point me to updated materials on running the reciprocal-referral obligation with a new circle? Let me know if you need anything else from me."
Platform / Technical,"Hi, could someone take a look at this? I'm getting a persistent error message when I try to close out a completed session in the system."
Compensation & Payroll,"Hello, I need some help with a situation. my direct deposit didn't go through this cycle and I haven't gotten any notice about why. Can someone check what happened? Appreciate any help you can give here."
Client Safety / Escalation,"Hi team, hoping someone can help. [CLIENT ID] asked to connect with me outside of the platform and made a comment that felt like a boundary-crossing overture. I did not agree, but I want this on record and want guidance on how to respond."
Compensation & Payroll,"Hi, quick one for you — I submitted a reimbursement request for materials I bought for a group workshop three weeks ago and it still hasn't been processed. Happy to hop on a call if that's easier."
Compensation & Payroll,"Hi, sorry to bug you, but I need guidance on this. my 1099 for last year has the wrong total on it — it doesn't match the sessions I logged. Who do I talk to about a correction?"
Scheduling & Caseload,"Hi, sorry to bug you, but I need guidance on this. a client tried to reschedule through the portal but it wouldn't let them pick a new time — can someone look into why?"
Scheduling & Caseload,"Hi team, hoping someone can help. I'd like to formally request a reduction in weekly session load — I'm at capacity and it's starting to affect quality of care."
General / Other,"Hey, wanted to flag something. just a general suggestion — it'd be great if the dashboard showed upcoming renewal dates more clearly. Appreciate any help you can give here."
Compensation & Payroll,"Hi team, hoping someone can help. I need to update my banking information for payroll but the portal keeps giving me an error when I try to save changes. Let me know if you need anything else from me."
Training & Resources,"Hi, could someone take a look at this? the escalation procedure doc referenced in training is out of date and doesn't match what's actually in the portal anymore. This is fairly time-sensitive, so any help is appreciated."
Platform / Technical,"Hi, quick one for you — I'm not receiving session reminder notifications anymore, and I've already missed logging in on time twice this week because of it. This is fairly time-sensitive, so any help is appreciated."
Scheduling & Caseload,"Hey, I ran into an issue and wanted to raise it. I need to swap two client slots this week due to a personal scheduling conflict, but the portal doesn't have a self-serve option for that. Please let me know next steps."
Platform / Technical,"Hi team, hoping someone can help. two-factor authentication isn't sending me a code, so I've been locked out of my dashboard since this morning."
Scheduling & Caseload,"Hi team, hoping someone can help. my caseload dashboard is showing a client twice under two different circle groups and it's throwing off my weekly hours count. This is fairly time-sensitive, so any help is appreciated."
Scheduling & Caseload,"Hi, could someone take a look at this? my calendar synced incorrectly and I ended up double-booked for two client sessions at the same time this afternoon. This is fairly time-sensitive, so any help is appreciated."
HR / Interpersonal,"Hi, could someone take a look at this? I want to raise a concern about a colleague's conduct during our last team meeting — it felt unprofessional. Thanks in advance for looking into this."
Scheduling & Caseload,"Hi, sorry to bug you, but I need guidance on this. I need to swap two client slots this week due to a personal scheduling conflict, but the portal doesn't have a self-serve option for that."
Scheduling & Caseload,"Hello, I need some help with a situation. I'm currently carrying more clients than my contract specifies and I need help redistributing a few before I hit burnout. Happy to hop on a call if that's easier."
General / Other,"Hi there, reaching out about the following. I'm not sure who owns this, but I wanted to suggest an addition to the practitioner resource library. Let me know if you need anything else from me."
HR / Interpersonal,"Hey, wanted to flag something. I want to understand the process for filing a formal concern about how a teammate handled a shared client situation. Please let me know next steps."
Training & Resources,"Hello, I need some help with a situation. the resource library doesn't have a template for the mid-program check-in I'm supposed to run with clients."
Scheduling & Caseload,"Hey, wanted to flag something. I'd like to formally request a reduction in weekly session load — I'm at capacity and it's starting to affect quality of care. Please let me know next steps."
Compensation & Payroll,"Hey, I ran into an issue and wanted to raise it. I submitted a reimbursement request for materials I bought for a group workshop three weeks ago and it still hasn't been processed."
Platform / Technical,"Hello, I need some help with a situation. I logged in this morning and the dashboard is showing someone else's client list instead of mine."
Client Safety / Escalation,"Hi, could someone take a look at this? [CLIENT ID] asked to connect with me outside of the platform and made a comment that felt like a boundary-crossing overture. I did not agree, but I want this on record and want guidance on how to respond."
General / Other,"Hey, I ran into an issue and wanted to raise it. not urgent, but I wanted to ask a general question about how holiday coverage works across the team. Thanks in advance for looking into this."
General / Other,"Hey, wanted to flag something. not urgent, but I wanted to ask a general question about how holiday coverage works across the team. This is fairly time-sensitive, so any help is appreciated."
Scheduling & Caseload,"Hi team, hoping someone can help. I have back-to-back sessions with zero buffer for the rest of this week and it's affecting my ability to write notes properly. Please let me know next steps."
Platform / Technical,"Hi there, reaching out about the following. the client-facing app is displaying my old profile photo and outdated availability even though I updated both weeks ago. Appreciate any help you can give here."
Scheduling & Caseload,"Hey, wanted to flag something. I'm currently carrying more clients than my contract specifies and I need help redistributing a few before I hit burnout."
Compensation & Payroll,"Hi there, reaching out about the following. my 1099 for last year has the wrong total on it — it doesn't match the sessions I logged. Who do I talk to about a correction? This is fairly time-sensitive, so any help is appreciated."
Scheduling & Caseload,"Hi there, reaching out about the following. I'd like to formally request a reduction in weekly session load — I'm at capacity and it's starting to affect quality of care. Please let me know next steps."
Compensation & Payroll,"Hi, quick one for you — my 1099 for last year has the wrong total on it — it doesn't match the sessions I logged. Who do I talk to about a correction? Let me know if you need anything else from me."
HR / Interpersonal,"Hi, quick one for you — I had a disagreement with another coach over a client referral and I'd like some help mediating it. This is fairly time-sensitive, so any help is appreciated."
Scheduling & Caseload,"Hello, I need some help with a situation. I'd like to formally request a reduction in weekly session load — I'm at capacity and it's starting to affect quality of care. Let me know if you need anything else from me."
Scheduling & Caseload,"Hi, could someone take a look at this? my [PROGRAM] circle call got scheduled during a national holiday and half the group can't make it. Can we get it moved? Please let me know next steps."
Scheduling & Caseload,"Hi there, reaching out about the following. I have a client who's a repeated no-show and I want to understand our policy on when to pause or close out their case. Thanks in advance for looking into this."
Compensation & Payroll,"Hi, sorry to bug you, but I need guidance on this. my supervision-hours stipend wasn't included in this month's payout even though I logged the hours in the system. This is fairly time-sensitive, so any help is appreciated."
Scheduling & Caseload,"Hi team, hoping someone can help. my [PROGRAM] circle call got scheduled during a national holiday and half the group can't make it. Can we get it moved? Thanks in advance for looking into this."
Client Safety / Escalation,"Hi, quick one for you — a member of my [PROGRAM] circle, [CLIENT ID], said something during the group call that made another member visibly uncomfortable — bordering on a boundary violation. I paused the call and want to escalate before the next session."
Training & Resources,"Hey, wanted to flag something. the escalation procedure doc referenced in training is out of date and doesn't match what's actually in the portal anymore. This is fairly time-sensitive, so any help is appreciated."
Scheduling & Caseload,"Hi there, reaching out about the following. there's a time zone mismatch on the calendar for one of my remote clients and they missed our session because of it. Happy to hop on a call if that's easier."
Scheduling & Caseload,"Hello, I need some help with a situation. a client tried to reschedule through the portal but it wouldn't let them pick a new time — can someone look into why? Happy to hop on a call if that's easier."
General / Other,"Hey, I ran into an issue and wanted to raise it. wanted to pass along some positive feedback about the new circle-matching process, for whatever team should see it. Appreciate any help you can give here."
HR / Interpersonal,"Hi team, hoping someone can help. I want to raise a concern about a colleague's conduct during our last team meeting — it felt unprofessional."
General / Other,"Hi there, reaching out about the following. just a general suggestion — it'd be great if the dashboard showed upcoming renewal dates more clearly. This is fairly time-sensitive, so any help is appreciated."
Compensation & Payroll,"Hi team, hoping someone can help. my 1099 for last year has the wrong total on it — it doesn't match the sessions I logged. Who do I talk to about a correction? Thanks in advance for looking into this."
Platform / Technical,"Hi there, reaching out about the following. I'm not receiving session reminder notifications anymore, and I've already missed logging in on time twice this week because of it. Appreciate any help you can give here."
Training & Resources,"Hi, sorry to bug you, but I need guidance on this. the escalation procedure doc referenced in training is out of date and doesn't match what's actually in the portal anymore. Appreciate any help you can give here."
General / Other,"Hey, wanted to flag something. I have an administrative question about how my practitioner profile bio gets updated on the client-facing site. Thanks in advance for looking into this."
Compensation & Payroll,"Hi team, hoping someone can help. I switched from part-time to full-time status last month, but my pay still looks like it's calculated at the old rate. Happy to hop on a call if that's easier."
Credentialing & Compliance,"Hello, I need some help with a situation. I need to submit my updated license renewal documentation but I'm not sure which portal section that goes in. Let me know if you need anything else from me."
Scheduling & Caseload,"Hey, wanted to flag something. my calendar synced incorrectly and I ended up double-booked for two client sessions at the same time this afternoon. Appreciate any help you can give here."
Scheduling & Caseload,"Hi there, reaching out about the following. there's a time zone mismatch on the calendar for one of my remote clients and they missed our session because of it. Thanks in advance for looking into this."
Scheduling & Caseload,"Hey, I ran into an issue and wanted to raise it. I'm currently carrying more clients than my contract specifies and I need help redistributing a few before I hit burnout. Happy to hop on a call if that's easier."
Scheduling & Caseload,"Hi, sorry to bug you, but I need guidance on this. a client tried to reschedule through the portal but it wouldn't let them pick a new time — can someone look into why? This is fairly time-sensitive, so any help is appreciated."
Platform / Technical,"Hi, could someone take a look at this? the client-facing app is displaying my old profile photo and outdated availability even though I updated both weeks ago. Let me know if you need anything else from me."
HR / Interpersonal,"Hi, could someone take a look at this? I want to raise a concern about a colleague's conduct during our last team meeting — it felt unprofessional. Please let me know next steps."
Compensation & Payroll,"Hi, could someone take a look at this? my direct deposit didn't go through this cycle and I haven't gotten any notice about why. Can someone check what happened? Appreciate any help you can give here."
Scheduling & Caseload,"Hi, quick one for you — a client tried to reschedule through the portal but it wouldn't let them pick a new time — can someone look into why?"
Scheduling & Caseload,"Hello, I need some help with a situation. the system auto-assigned me a new client outside my specialty area — can this be reassigned to someone better suited? This is fairly time-sensitive, so any help is appreciated."
Training & Resources,"Hi, sorry to bug you, but I need guidance on this. I'd like more guidance on best practices for handling conflict between two circle members during a group call. Please let me know next steps."
Scheduling & Caseload,"Hey, I ran into an issue and wanted to raise it. my caseload dashboard is showing a client twice under two different circle groups and it's throwing off my weekly hours count. This is fairly time-sensitive, so any help is appreciated."
HR / Interpersonal,"Hello, I need some help with a situation. I disagree with the feedback I received in my last review and would like to discuss it with someone in HR. Please let me know next steps."
Client Safety / Escalation,"Hey, wanted to flag something. during today's intake, a new client described a level of risk that's above what I'm credentialed to handle solo. I need this escalated to a supervising clinician today. This is fairly time-sensitive, so any help is appreciated."
HR / Interpersonal,"Hello, I need some help with a situation. I felt excluded from a decision that affected my caseload and want to understand how those calls get made. This is fairly time-sensitive, so any help is appreciated."
HR / Interpersonal,"Hi, sorry to bug you, but I need guidance on this. I'd like to report a comment made by a colleague that made me uncomfortable during a shared client handoff call. Let me know if you need anything else from me."
Platform / Technical,"Hey, wanted to flag something. I can't upload my updated intake form template — the file keeps failing to attach in the resources section. Happy to hop on a call if that's easier."
Platform / Technical,"Hi, could someone take a look at this? the platform logged me out mid-session and I had to scramble to get back in while my client waited. Happy to hop on a call if that's easier."
Training & Resources,"Hello, I need some help with a situation. I never received the welcome packet that's supposed to include the crisis-response quick reference sheet."
HR / Interpersonal,"Hey, wanted to flag something. I want to raise a concern about a colleague's conduct during our last team meeting — it felt unprofessional. Let me know if you need anything else from me."
Scheduling & Caseload,"Hey, wanted to flag something. my [PROGRAM] circle call got scheduled during a national holiday and half the group can't make it. Can we get it moved? This is fairly time-sensitive, so any help is appreciated."
General / Other,"Hi, sorry to bug you, but I need guidance on this. I'm not sure who owns this, but I wanted to suggest an addition to the practitioner resource library. This is fairly time-sensitive, so any help is appreciated."
Platform / Technical,"Hey, wanted to flag something. two-factor authentication isn't sending me a code, so I've been locked out of my dashboard since this morning. Appreciate any help you can give here."
HR / Interpersonal,"Hi team, hoping someone can help. I want to understand the process for filing a formal concern about how a teammate handled a shared client situation."
Compensation & Payroll,"Hi there, reaching out about the following. my direct deposit didn't go through this cycle and I haven't gotten any notice about why. Can someone check what happened? This is fairly time-sensitive, so any help is appreciated."
Credentialing & Compliance,"Hey, wanted to flag something. I'm not seeing my updated certification reflected in my practitioner profile even though I submitted it last month."
Credentialing & Compliance,"Hi team, hoping someone can help. my malpractice insurance documentation on file looks outdated — can someone confirm if it needs to be refreshed? Happy to hop on a call if that's easier."
Credentialing & Compliance,"Hi, quick one for you — I have a client relocating to a state I'm not licensed in — what's our policy for continuing care across state lines? Happy to hop on a call if that's easier."
Scheduling & Caseload,"Hi team, hoping someone can help. my [PROGRAM] circle call got scheduled during a national holiday and half the group can't make it. Can we get it moved? This is fairly time-sensitive, so any help is appreciated."
General / Other,"Hi, quick one for you — I'm not sure who owns this, but I wanted to suggest an addition to the practitioner resource library. Let me know if you need anything else from me."
General / Other,"Hello, I need some help with a situation. I have an administrative question about how my practitioner profile bio gets updated on the client-facing site. Happy to hop on a call if that's easier."
Platform / Technical,"Hi, quick one for you — the platform logged me out mid-session and I had to scramble to get back in while my client waited. Appreciate any help you can give here."
Platform / Technical,"Hey, wanted to flag something. I can't upload my updated intake form template — the file keeps failing to attach in the resources section. Thanks in advance for looking into this."
HR / Interpersonal,"Hey, wanted to flag something. I want to raise a concern about a colleague's conduct during our last team meeting — it felt unprofessional."
Compensation & Payroll,"Hi, sorry to bug you, but I need guidance on this. I noticed a payroll deduction on my statement I don't recognize — can someone explain what this is for? Please let me know next steps."
